USE centurynews_db;

-- Insert into user table
INSERT INTO `user` (`user_no`, `user_id`, `created_at`, `updated_at`) VALUES
(1, 'user1', '2023-03-15 07:41:09', '2024-09-20 02:13:51'),
(2, 'user2', '2023-03-15 08:26:32', '2024-09-20 01:56:16'),
(3, 'user3', '2023-03-15 09:11:55', '2024-09-20 01:38:41'),
(4, 'user4', '2023-03-15 09:57:18', '2024-09-20 01:21:06'),
(5, 'user5', '2023-03-15 10:42:41', '2024-09-20 01:03:31'),
(6, 'user6', '2023-03-15 11:28:04', '2024-09-20 00:45:56'),
(7, 'user7', '2023-03-15 12:13:27', '2024-09-20 00:28:21'),
(8, 'user8', '2023-03-15 12:58:50', '2024-09-20 00:10:46'),
(9, 'user9', '2023-03-15 13:44:13', '2024-09-19 23:53:11'),
(10, 'user10', '2023-03-15 14:29:36', '2024-09-19 23:35:36'),
(11, 'user11', '2023-03-15 15:14:59', '2024-09-19 23:18:01'),
(12, 'user12', '2023-03-15 16:00:22', '2024-09-19 23:00:26'),
(13, 'user13', '2023-03-15 16:45:45', '2024-09-19 22:42:51'),
(14, 'user14', '2023-03-15 17:31:08', '2024-09-19 22:25:16'),
(15, 'user15', '2023-03-15 18:16:31', '2024-09-19 22:07:41'),
(16, 'user16', '2023-03-15 19:01:54', '2024-09-19 21:50:06'),
(17, 'user17', '2023-03-15 19:47:17', '2024-09-19 21:32:31'),
(18, 'user18', '2023-03-15 20:32:40', '2024-09-19 21:14:56'),
(19, 'user19', '2023-03-15 21:17:03', '2024-09-19 20:57:21'),
(20, 'user20', '2023-03-15 22:02:26', '2024-09-19 20:39:46'),
(21, 'user21', '2023-03-18 22:47:49', '2024-09-19 20:22:11'),
(22, 'user22', '2023-03-18 23:33:12', '2024-09-19 20:04:36'),
(23, 'user23', '2023-03-19 00:18:35', '2024-09-19 19:46:01'),
(24, 'user24', '2023-03-19 01:03:58', '2024-09-19 19:28:26'),
(25, 'user25', '2023-03-19 01:49:21', '2024-09-19 19:10:51'),
(26, 'user26', '2023-03-19 02:34:44', '2024-09-23 18:53:16'),
(27, 'user27', '2023-03-19 03:20:07', '2024-09-23 18:35:41'),
(28, 'user28', '2023-03-19 04:05:30', '2024-09-23 18:18:06'),
(29, 'user29', '2023-03-19 04:50:53', '2024-09-23 18:00:31'),
(30, 'user30', '2023-03-19 05:36:16', '2024-09-23 17:42:56'),
(31, 'user31', '2023-03-19 06:21:39', '2024-09-23 17:25:21'),
(32, 'user32', '2023-03-19 07:06:02', '2024-09-23 17:07:46'),
(33, 'user33', '2023-03-19 07:51:25', '2024-09-23 16:50:11'),
(34, 'user34', '2023-03-19 08:36:48', '2024-09-23 16:32:36'),
(35, 'user35', '2023-03-19 09:22:11', '2024-09-23 16:15:01'),
(36, 'user36', '2023-03-19 10:07:34', '2024-09-23 15:57:26'),
(37, 'user37', '2023-03-19 10:52:57', '2024-09-23 15:39:51'),
(38, 'user38', '2023-03-19 11:38:20', '2024-09-23 15:22:16'),
(39, 'user39', '2023-03-19 12:23:43', '2024-09-23 15:04:41'),
(40, 'user40', '2023-03-19 13:09:06', '2024-09-23 14:47:06'),
(41, 'user41', '2023-03-19 13:54:29', '2024-09-23 14:29:31'),
(42, 'user42', '2023-03-19 14:39:52', '2024-09-23 14:11:56'),
(43, 'user43', '2023-03-19 15:25:15', '2024-09-23 13:54:21'),
(44, 'user44', '2023-03-19 16:10:38', '2024-09-23 13:36:46'),
(45, 'user45', '2023-03-19 16:55:01', '2024-09-23 13:19:11'),
(46, 'user46', '2023-03-19 17:40:24', '2024-09-23 13:01:36'),
(47, 'user47', '2023-03-19 18:25:47', '2024-09-23 12:44:01'),
(48, 'user48', '2023-03-19 19:11:10', '2024-09-23 12:26:26'),
(49, 'user49', '2023-03-19 19:56:33', '2024-09-23 12:08:51'),
(50, 'user50', '2023-04-19 20:41:56', '2024-10-04 11:51:16'),
(51, 'user51', '2023-04-19 21:27:19', '2024-10-04 11:33:41'),
(52, 'user52', '2023-04-20 22:12:42', '2024-10-05 11:16:06'),
(53, 'user53', '2023-04-19 22:58:05', '2024-10-06 10:58:31'),
(54, 'user54', '2023-04-19 23:43:28', '2024-10-06 10:40:56'),
(55, 'user55', '2023-04-20 00:28:51', '2024-10-21 10:23:21'),
(56, 'user56', '2023-04-20 01:14:14', '2024-10-06 10:05:46'),
(57, 'user57', '2023-04-20 01:59:37', '2024-10-06 09:48:11'),
(58, 'user58', '2023-04-20 02:44:00', '2024-10-07 09:30:36'),
(59, 'user59', '2023-04-20 03:29:23', '2024-10-12 09:13:01'),
(60, 'user60', '2023-04-20 04:14:46', '2024-10-06 08:55:26'),
(61, 'user61', '2023-04-20 05:00:09', '2024-10-07 08:37:51'),
(62, 'user62', '2023-04-20 05:45:32', '2024-10-07 08:20:16'),
(63, 'user63', '2023-04-20 06:30:55', '2024-10-30 08:02:41'),
(64, 'user64', '2023-04-20 07:16:18', '2024-10-07 07:45:06'),
(65, 'user65', '2023-04-20 08:01:41', '2024-10-07 07:27:31'),
(66, 'user66', '2023-04-10 08:47:04', '2024-10-07 07:09:56'),
(67, 'user67', '2023-04-20 09:32:27', '2024-10-17 06:52:21'),
(68, 'user68', '2023-04-26 10:17:50', '2024-10-07 06:34:46'),
(69, 'user69', '2023-04-20 11:03:13', '2024-10-07 06:17:11'),
(70, 'user70', '2023-04-23 11:48:36', '2024-10-25 05:59:36'),
(71, 'user71', '2023-04-20 12:33:59', '2024-10-07 05:41:01'),
(72, 'user72', '2023-04-20 13:19:22', '2024-10-07 05:23:26'),
(73, 'user73', '2023-04-20 14:04:45', '2024-10-30 05:05:51'),
(74, 'user74', '2023-04-20 14:50:08', '2024-10-07 04:48:16'),
(75, 'user75', '2023-04-20 15:35:31', '2024-10-16 04:30:41'),
(76, 'user76', '2023-04-20 16:20:54', '2024-10-07 04:13:06'),
(77, 'user77', '2023-04-20 17:06:17', '2024-10-07 03:55:31'),
(78, 'user78', '2023-04-20 17:51:40', '2024-10-29 03:37:56'),
(79, 'user79', '2023-04-20 18:36:03', '2024-10-07 03:20:21'),
(80, 'user80', '2023-04-20 19:21:26', '2024-10-07 03:02:46'),
(81, 'user81', '2023-04-20 20:06:49', '2024-10-07 02:45:11'),
(82, 'user82', '2023-04-20 20:52:12', '2024-10-07 02:27:36'),
(83, 'user83', '2023-04-20 21:37:35', '2024-10-07 02:10:01'),
(84, 'user84', '2023-04-20 22:22:58', '2024-10-12 01:52:26'),
(85, 'user85', '2023-04-20 23:08:21', '2024-10-07 01:34:51'),
(86, 'user86', '2023-04-21 23:53:44', '2024-10-07 01:17:16'),
(87, 'user87', '2023-04-21 00:39:07', '2024-10-07 00:59:41'),
(88, 'user88', '2023-04-21 01:24:30', '2024-10-07 00:42:06'),
(89, 'user89', '2023-04-24 02:09:53', '2024-10-07 00:24:31'),
(90, 'user90', '2023-04-29 02:55:16', '2024-10-24 00:06:56'),
(91, 'user91', '2023-05-01 03:40:39', '2024-10-07 23:49:21'),
(92, 'user92', '2023-05-01 04:25:02', '2024-10-07 23:31:46'),
(93, 'user93', '2023-05-01 05:10:25', '2024-10-07 23:14:11'),
(94, 'user94', '2023-05-01 05:55:48', '2024-10-07 22:56:36'),
(95, 'user95', '2023-05-01 06:41:11', '2024-10-27 22:39:01'),
(96, 'user96', '2023-05-01 07:26:34', '2024-10-07 22:21:26'),
(97, 'user97', '2023-05-01 08:11:57', '2024-11-07 22:03:51'),
(98, 'user98', '2023-05-01 08:57:20', '2024-10-07 21:46:16'),
(99, 'user99', '2023-05-01 09:42:43', '2024-10-07 21:28:41'),
(100, 'user100', '2023-05-01 10:28:06', '2024-10-07 21:11:06');


-- Insert into user_auth table
INSERT INTO `user_auth` (`user_no`, `password_hash`, `pw_changed`) VALUES
(1, '$2b$10$q3PI.xK.O3EQusR999sple/GxvGu8pIlDLSNYXq3IUYPKwmgthJzO', '2025-01-09 14:52:00'),
(2, '$2b$10$2dhJ1LBFHti.9Vw6kfj63OKORgaMqe52Ow/9wWyh73cKsDYRWe6PK', '2025-03-19 04:16:00'),
(3, '$2b$10$iPjIv5NzXSzH8UZWPQ1x0euGIDq9RATSO54X6Xn5l82d1rIy9ctmu', '2025-04-01 15:37:00'),
(4, '$2b$10$7e3326pTDX3Y0y5kWfS2Gu5lkHUaBcyYvGxTBASn/E2khZCb86wtC', '2025-02-03 23:21:00'),
(5, '$2b$10$yEWhvC.U0/Ws8Hv4enmeouq4tdfYF1632ow0tJDdyUhVlJtf1EnnS', '2025-01-28 11:55:00'),
(6, '$2b$10$xS2zbfWJJfVCrTqtZQ5ape2wvMf48/QPBSVmJnH05dU76.AT1QBz.', '2025-02-14 14:38:00'),
(7, '$2b$10$r406oC7JPw5/co5GbNl2ce0C6SYnZqsuL9/wRh.hh6KEYQ1XRXfCi', '2025-04-03 07:42:00'),
(8, '$2b$10$HWyI2B6nDa91sIPOsojWkOjuhR3PkZZCV6mS5TACixGuXPUthZsmu', '2025-03-31 00:02:00'),
(9, '$2b$10$jXZ9boMd3KPRxeNScli9s.XehNS4MbHuLa/xf9.w/sYTPOVj.EwCC', '2025-01-05 00:03:00'),
(10, '$2b$10$7Flsc3FoyXu0bukUFz0.iumLEO8gP5NRNFNzSenN2cO1Lx2dwzWeG', '2025-01-16 14:53:00'),
(11, '$2b$10$m2t0et4irHhUw4iZdoTAju8AJzsr8k6/N/w9ca5llZbRCaoUlp63.', '2025-01-27 16:01:00'),
(12, '$2b$10$iXdWqEL3JTpx4jyprbFgYO/VHDwe9x/FbfuxrrERNElQRkHE499DW', '2025-03-22 22:47:00'),
(13, '$2b$10$/S89NrBmKpqmeVF8xd01i.v0mSwzxzCjDNDnpxanzhE1Osd802jOW', '2025-02-03 18:05:00'),
(14, '$2b$10$EI/22bQhGWeKokKOO4n2e.f7xVW202bMS3Ii.Ml6QHPe1ai4OOm/.', '2025-01-03 18:15:00'),
(15, '$2b$10$/maStR4jWjKJr3YnPj39fObNtCAZV6oJW6F9OotoRORCw99BiC...', '2025-01-28 05:47:00'),
(16, '$2b$10$MRRFZRB5qBa8yLJzJUSoeO6SlRD9y4AU4cpNPRoK0kEjHwPXFuHmy', '2025-02-15 21:54:00'),
(17, '$2b$10$/GMJXZAbvlbkJV/SxCc.au4csKqjnuG6kjHd/WBIH5dkFB9SpfVxa', '2025-02-10 12:55:00'),
(18, '$2b$10$XZyipZtpXfo7N12SU14twen2Jl8S98EN4PODCnFLG4i/FfhLcf/hy', '2025-02-04 04:11:00'),
(19, '$2b$10$e5Q8B9W5FaIFIB/uZgf8U.P0xsyUvFvwNrVkl4kwmJfYlBSNq..Mq', '2025-01-26 13:45:00'),
(20, '$2b$10$d9/UEZDRpdDR6nAxBpsqJOlnZYA.e.PjX4JAbTC4Zhk2sitJq6XFy', '2025-03-13 09:15:00'),
(21, '$2b$10$1XZk0d4s1/3ZENr5lFw5V.4xa68fOs9bOphwv88V2oBtMm/QcgJEW', '2025-01-31 05:12:00'),
(22, '$2b$10$cysQ.5iXR0IcBLpAeuOgBe3DQKIE1YjTMY6EkOI5h1.GVLFGokLJC', '2025-03-04 23:03:00'),
(23, '$2b$10$IUXOez76GkU5G1sW4C7GB.GZxvhon9ywqEh1pbpbhsWVYtp3SPApG', '2025-04-05 07:47:00'),
(24, '$2b$10$a02A4/BDePz7QpbrYb6ObeqMSoYbAOB0F7L2cklYy0SRiyS2N3..y', '2025-03-08 02:57:00'),
(25, '$2b$10$RxVAHdzYFX4.3MkOhCp3UOHoHomatBELhTmjFjgpJHku68MqjSOM.', '2025-02-15 02:44:00'),
(26, '$2b$10$Tb47tovVUj8GMO81HXKKHuRxILaOYAc2NV3u1alVgeIixz4ughYcG', '2025-03-11 11:48:00'),
(27, '$2b$10$x9Mhh.a2AXn9XftOdkBpfOL9cF5TP/aMaAXEg83dY4P34sTt3IgJO', '2025-02-14 21:01:00'),
(28, '$2b$10$kSRk4Dlu.FVRYlVUqp1n9eXnM3LmaydmgyepV4Zf6VwoF3MF67hY6', '2025-03-09 16:52:00'),
(29, '$2b$10$/mGk6z75MBy.fYANmiZXUu3kZ25EndBq1gIYx9UZ/MCH5KgS6oIBq', '2025-02-22 11:17:00'),
(30, '$2b$10$dkl36ULANdwGZ2oOafP5BuThX/iYVqew9AXoJQfBBJK5NekoJo.IG', '2025-01-10 00:20:00'),
(31, '$2b$10$5SbhI.ax4rljJhzsHgu4fOVw1kW8RDHlTa66fA11SD7CLV5uhrJM2', '2025-03-21 10:09:00'),
(32, '$2b$10$8Gmm64ipZg059bFSUnBVfO0hCe1XUb3SpbpyR0igcGIeeNV2rT7xK', '2025-03-11 10:05:00'),
(33, '$2b$10$3z8.0nfK6Ceki3ZE2x2e3.jGMByxYyLgmmZpVFITPQwF.iUbNYpJ6', '2025-01-29 02:16:00'),
(34, '$2b$10$tE0scgOlngQKahD/2Gv0gO7cXmbeAvDbGwPEZ3azPlMJQW/RqvGOG', '2025-04-10 23:30:00'),
(35, '$2b$10$JLxTIkwB.XEBla0F0Lm8BeaZ.iovTuHJ1sVCNWdMdDXaYF6mWUaL2', '2025-01-17 06:41:00'),
(36, '$2b$10$2lwve0cBf9.ImlgICL9uXuyQhqLPxNm3clhhVTSYE/Byc5m/gyqcy', '2025-03-16 00:21:00'),
(37, '$2b$10$aJlmaXY9LnDa8T1MGuzDY.4OBogp9gOf50L03ysF9dISNgn5fKrnu', '2025-03-23 01:50:00'),
(38, '$2b$10$0J6tRkbnK51UW1JPMUlL5u3OxSCvhm1lpD1tqKuO8Jm/4bu0ZIBri', '2025-02-01 19:26:00'),
(39, '$2b$10$St/OT6KTpn6R7LROgm55ROQhUlJ6lVP43Cfizu6wSBNXAJpWolVlq', '2025-03-29 07:41:00'),
(40, '$2b$10$d1zU/LYMfLJZ45SE7sPbeePbGLr5Pc5sIliatJNohQU6A6w/21wu2', '2025-03-25 13:06:00'),
(41, '$2b$10$063Oag/h9HWoJh3u5fMtSOZrkhbpORKAbP4U6/rRMMClLtjaayoYS', '2025-01-04 07:11:00'),
(42, '$2b$10$Fd1gudF0Yos7qhq/vJyDW.S9QaRQxTvd56h/EPgOhRiDIp5BqfP0e', '2025-04-01 21:12:00'),
(43, '$2b$10$FC0GJWWqBtAeV9LVauQXlOnpMkTmaRMPlUDCUBowwsKgX6oCzMjRC', '2025-02-16 14:18:00'),
(44, '$2b$10$76c5PL5bkJW5kDVm.Znkw.bbjRV6Xs/.oiq/ZtHn91nGKrj5h7goq', '2025-01-12 18:14:00'),
(45, '$2b$10$s675KfPcYJFigD3QRtB6bOeVJmA.CW668fIUzFaR/UyTXNmK84fHG', '2025-04-08 02:18:00'),
(46, '$2b$10$ntuTOAlk8rzqAaClVzWBNe5a04NGQ8a8nezPRplEu/vGfDlq460Fi', '2025-02-23 02:13:00'),
(47, '$2b$10$/k0/kLqjH/D1fuShYlBU4O8dDnclgS4bTYyXkaoscw82PSbeptGHC', '2025-01-31 06:33:00'),
(48, '$2b$10$zc2BIbogAOFaauIRmHzXHugx5MVWK1p/5uiwA6Wp.ijqZUM8hKN0a', '2025-01-23 00:27:00'),
(49, '$2b$10$SdxHF.x5lhna5rElEwEJbOLeQcP.WyVGaDo.Rxfwk.nmto4wET8oa', '2025-03-02 03:46:00'),
(50, '$2b$10$3A/KtUsVX9PvsnxSljWkZOjouQ2dZfxNZaM3GQW8ZLbARGG0ouCo2', '2025-02-23 11:51:00'),
(51, '$2b$10$AqN6mB1KMSfl71oJVYa4K.621/ZrK/EVpnaLH/ZG9Pft0Wfn/qc6q', '2025-01-27 03:37:00'),
(52, '$2b$10$zz1I9TeKeajiKehdXYVrce7uzNmz1dq4RmzFuAbF.zJOtSQyreNie', '2025-03-27 08:05:00'),
(53, '$2b$10$8R60pFyy3QbDR3LlptUdhefZxDWRD9zlew1YLeMV5.AAbOl34yXrO', '2025-03-30 11:48:00'),
(54, '$2b$10$d1mzGtTDAMJCe/EA0pTNyufUJ8tOzgd/K4n9zfiAp.XCfIP7GurJq', '2025-03-17 17:03:00'),
(55, '$2b$10$bRd3PfNqJU1KEVUhOFqzCewTNBbsVyaLdErNaQEEBTERwQuVKQ0WW', '2025-02-24 22:24:00'),
(56, '$2b$10$qmWj/oNiqhUmdgvuCDshhOx0V5er.uu66CgImTS5Pg3g//aZW9cPm', '2025-03-11 12:05:00'),
(57, '$2b$10$cCJJ6.dlQfdvNn/iEWlLpe85DzK1c8W26YhHE6ge8MIhHqfbgTWDy', '2025-01-21 20:47:00'),
(58, '$2b$10$tCucN/fYElKdSoPo8y6N7..kOR3.2pzW/dIfEHOPfNHSWCQy36tY6', '2025-02-25 14:18:00'),
(59, '$2b$10$yEPEwtcpT0yWT8KbOcqn/umTakLnhGUqipB0jo/Mqj7UMw.KJq8qe', '2025-02-18 21:00:00'),
(60, '$2b$10$wkGrVqeV/kV2fn6zLrQPtes7gxQk43byz0JPujycAzxnreoVwivxS', '2025-02-16 02:48:00'),
(61, '$2b$10$a/WBC6H0.x2.x/4t34KBCe3wCVwAP.qXdwj5nM8sCzIJXGw0XPEPu', '2025-01-06 08:39:00'),
(62, '$2b$10$CiymWAd6wB7Znwz9P8YXR.OVK5XiGN8HNQGMI0Ltc6iVk.fZenUtC', '2025-03-20 10:46:00'),
(63, '$2b$10$s84px7V5uJ6byDgYZxh0u.K76M/LV/kQ8ksAeD7gA3sSyABUutDWK', '2025-03-10 08:42:00'),
(64, '$2b$10$EiXBUpRTM7Hh5PaOIvm/2.LZACAkCiifa7ItrAbccdnIBs8FJXKJW', '2025-01-05 03:10:00'),
(65, '$2b$10$lfd9PcZgabhIDJta1bk7wurx9EWRZr/cEzlBIlMSItpNK9VoETVWe', '2025-02-27 17:04:00'),
(66, '$2b$10$gt0L/BVF53y47SYrYkexweeHw8TdGUAcgQMIbwhBjuvwI4Efpi5Ky', '2025-01-27 07:54:00'),
(67, '$2b$10$lop./KlOS7mYZxCISzzaq.m5wAzgWDN3HCKqlrGhTF.yxZMtP2kxG', '2025-03-07 07:15:00'),
(68, '$2b$10$tYh0dmiuywty9zkwxaLG4u4TknRSov/VcFe8rtxNV7WYs.WO2tg9K', '2025-04-01 08:42:00'),
(69, '$2b$10$scibzy5SVEFFMyCj5DCkieFyaeuRVNrm9FFZ.6imsGERHlY5ehwQu', '2025-02-07 10:43:00'),
(70, '$2b$10$6k49rIW.x2yw62Nkc3F9YOt2ids3gWG3fBh0WqvwulFbIyu.JpBAa', '2025-02-21 01:50:00'),
(71, '$2b$10$BoZWo1axjcpolHqIiZ/igeCkQyxxXS4EBGMGRapkfe0XWQDZQkL.S', '2025-01-28 15:15:00'),
(72, '$2b$10$ybFwxFdkuZ5SpE1FWk4tSOKeCwHuEtadr4/54QtOF3tPYaAlAYQbe', '2025-01-04 04:20:00'),
(73, '$2b$10$ovCoZc8C9SdO0XtcOnxfEenfc8U4qmQoeE0W4WzYjOcRSHmVmzQcC', '2025-04-05 14:39:00'),
(74, '$2b$10$lEOIgb9Uk4rSvdgrDawXSOF7a73fkgzJMqPFV8p7YO2HGPeWXdhem', '2025-04-10 21:11:00'),
(75, '$2b$10$s9HiFNZ8on9wbxlIrx/fPOrmXqW1So1pr65wP.1J.nIm.ipQLkIj.', '2025-01-21 17:48:00'),
(76, '$2b$10$MrO8wW3zZMS6YRmCD574meqTz8xaqOJBstFmp/JIiK/JUzfxEsgqK', '2025-02-23 07:56:00'),
(77, '$2b$10$IbuxmGV641UqOGM.4PBznOjf5o.E9.u8ExV6n8ypLFkxG4VFrqeNS', '2025-03-23 23:03:00'),
(78, '$2b$10$b95NSP6e7mInuBUVMJJPouSoy.A9WcOnOukxw1VLK6BAX5UfZfheW', '2025-03-02 00:49:00'),
(79, '$2b$10$bMA3HkuwOnYB2BWWrok41.qWkd4Xcnwi8XN5F/DQoBFhjJQQFcFGW', '2025-01-15 11:09:00'),
(80, '$2b$10$/4jnOMQJTFYmsenS2YXxb.1IrxYy4htFwKUMQ.FyeTuRaR0pK81wq', '2025-03-11 04:17:00'),
(81, '$2b$10$XvcnMqxGK6sALSodHGeS9uTSNB6hRJ8Xtd3bx2ifQD5o1cFNVljMC', '2025-01-11 05:32:00'),
(82, '$2b$10$MTh90T7DpiwUqEBP.xWxCuJaMifZ0EOP2ElOrQ5syJ8iLPLBkGy52', '2025-03-14 08:05:00'),
(83, '$2b$10$wcgxNEsEzJ7JsGxvc/v2OO5.fusnn.XYdIQpEkXjwVH0zEcNnBfE.', '2025-03-08 16:14:00'),
(84, '$2b$10$xTpYavHOlLJPuwzQshK6uu3mtBgyFEWmZ8DzJe9Pp9e/BS4uQoCLW', '2025-01-24 21:08:00'),
(85, '$2b$10$RIWCsjtXvTVzeLIJ0zhGIe781jZjrBsaW.AfmbaqCufEzwGb3KE.G', '2025-04-03 02:58:00'),
(86, '$2b$10$0OaPAlUPtwO7t5Roh5TEhuTjL.FEMTwzOWCV6lhFDyZB1PV2BuQ2u', '2025-02-20 02:41:00'),
(87, '$2b$10$gACqwbUQL6j./u9iQKasNOkk6PtHERBdreYqs5r6zXF/.OyjXAfe6', '2025-03-16 03:57:00'),
(88, '$2b$10$/roWr9MX2ZkM8VJ3ZPUzPu6E4aFd19Y9En52vwVcFCI3VWQ42Kz1y', '2025-02-05 13:30:00'),
(89, '$2b$10$ZvpBiLWmyAJwu3P3TYj2WegZPFiGV0wHPo3XhQoGD3gp7T4.sawF2', '2025-02-22 10:16:00'),
(90, '$2b$10$AbxcGGbG9w5cDDmqSUii5eZRxoYxgDtdkv/DMnjJV3vWE38nwezpO', '2025-03-18 12:36:00'),
(91, '$2b$10$aw2tO8hOJz1ySn.7IdViQuvYAfPNvxPRS0.iWkBgxZPtFuhG09Qfm', '2025-03-25 00:29:00'),
(92, '$2b$10$pRMW6OA9X1JKGQcAEllFIOmEvZxrKKIF.3ugfv3r7wl3B/zIGvRY2', '2025-01-30 10:41:00'),
(93, '$2b$10$11JSphw3IbMeqMTFdTzafOQ/lF0NZBxpyEGSziUf2MnyTX7EPQ8WC', '2025-03-11 06:36:00'),
(94, '$2b$10$6.WeZCgd/z3efa6bUUQTne3FiAtk1CWEW3DG3u7.eI7OUvje/4C32', '2025-02-11 18:41:00'),
(95, '$2b$10$lHiULUA9avaJmJP3sbHoMO5awhV4tnsE69vcViWynmhSLkZ57CFrW', '2025-01-04 20:34:00'),
(96, '$2b$10$5e9G1U1tLoRHBNtJQNbcHuON67kaD078QNS3DwvJstpbVA6.AmtL.', '2025-04-03 16:39:00'),
(97, '$2b$10$JbsviWOQxjZpTRKazPzI3O7niNjKSp87Wl3mXTKGmxxqMzmz7Fz02', '2025-02-15 14:40:00'),
(98, '$2b$10$iC6jQzWaLCy84bI0kWc3MOUovoLX5SS1scGNouL3Dc1C6AnhBe7n6', '2025-02-15 20:42:00'),
(99, '$2b$10$ZKEg9IpBwWribS5G2KV/ge/HKFl.bwOTT6t.dvrIkUXTBtaywWCtW', '2025-02-16 20:44:00'),
(100, '$2b$10$9oNhbqqZM5xArj1gK5qNOe3lu01KhDeMgvs6Hct/GiU3SD7M0H99a', '2025-03-12 09:23:00');

-- Insert into user_profile table
INSERT INTO `user_profile` (`user_no`, `email`, `phone`, `name`, `nickname`, `birth_date`, `gender`, `updated_at`) VALUES
(1, 'kim.minho@student.kr', '010-1234-5678', '김민호', '민호스터디', '2006-03-15', 'M', '2024-05-01'),
(2, 'park.jiyeon@student.kr', '010-2345-6789', '박지연', '지연이얌', '2006-07-22', 'F', '2024-04-28'),
(3, 'lee.junho@student.kr', '010-3456-7890', '이준호', '준호쌤', '2007-01-30', 'M', '2024-05-03'),
(4, 'choi.soyeon@student.kr', '010-4567-8901', '최소연', '소연공부중', '2007-05-17', 'F', '2024-04-29'),
(5, 'jung.minseo@student.kr', '010-5678-9012', '정민서', '민서의하루', '2008-09-03', 'F', '2024-05-10'),
(6, 'kang.jihoon@student.kr', '010-6789-0123', '강지훈', '지훈수학왕', '2008-11-28', 'M', '2024-05-02'),
(7, 'yoon.jiwoo@student.kr', '010-7890-1234', '윤지우', '지우공부방', '2009-02-14', 'F', '2024-05-07'),
(8, 'han.donghyun@student.kr', '010-8901-2345', '한동현', '동현코딩', '2009-04-19', 'M', '2024-05-05'),
(9, 'kim.yeji@student.kr', '010-9012-3456', '김예지', '예지잉글리시', '2010-06-25', 'F', '2024-05-09'),
(10, 'park.minwoo@student.kr', '010-0123-4567', '박민우', '민우과학자', '2010-08-11', 'M', '2024-05-03'),
(11, 'seo.jimin@student.kr', '010-1122-3344', '서지민', '지민책벌레', '2011-03-07', 'F', '2024-05-06'),
(12, 'jo.hyunjin@student.kr', '010-2233-4455', '조현진', '현진수학자', '2011-05-29', 'M', '2024-05-08'),
(13, 'shin.yuna@student.kr', '010-3344-5566', '신유나', '유나열공중', '2012-01-13', 'F', '2024-05-01'),
(14, 'lee.jaehyun@student.kr', '010-4455-6677', '이재현', '재현스터디', '2012-07-20', 'M', '2024-05-04'),
(15, 'kwon.jisoo@student.kr', '010-5566-7788', '권지수', '지수의공부', '2013-09-05', 'F', '2024-05-02'),
(16, 'hwang.minjun@student.kr', '010-6677-8899', '황민준', '민준영어왕', '2013-11-17', 'M', '2024-05-07'),
(17, 'kim.hajin@student.kr', '010-7788-9900', '김하진', '하진수학왕', '2006-04-22', 'F', '2024-05-03'),
(18, 'park.seojun@student.kr', '010-8899-0011', '박서준', '서준국어왕', '2006-08-14', 'M', '2024-05-10'),
(19, 'jang.dayeon@student.kr', '010-9900-1122', '장다연', '다연공주', '2007-02-28', 'F', '2024-05-06'),
(20, 'choi.junseo@student.kr', '010-0011-2233', '최준서', '준서과학자', '2007-10-09', 'M', '2024-05-08'),
(21, 'kim.soomin@student.kr', '010-1234-0001', '김수민', '수민스마트', '2008-06-18', 'F', '2024-05-01'),
(22, 'lee.taehyun@student.kr', '010-2345-0002', '이태현', '태현뇌섹남', '2008-12-05', 'M', '2024-05-05'),
(23, 'park.yerin@student.kr', '010-3456-0003', '박예린', '예린열공', '2009-03-29', 'F', '2024-05-07'),
(24, 'jung.jiho@student.kr', '010-4567-0004', '정지호', '지호매스터', '2009-09-12', 'M', '2024-05-03'),
(25, 'yoo.jiwon@student.kr', '010-5678-0005', '유지원', '지원공부중', '2010-01-27', 'F', '2024-05-09'),
(26, 'song.minho@student.kr', '010-6789-0006', '송민호', '민호영어왕', '2010-11-03', 'M', '2024-05-04'),
(27, 'yang.soeun@student.kr', '010-7890-0007', '양소은', '소은이의꿈', '2011-04-15', 'F', '2024-05-02'),
(28, 'han.jihyuk@student.kr', '010-8901-0008', '한지혁', '지혁스터디', '2011-08-22', 'M', '2024-05-08'),
(29, 'moon.jiyoon@student.kr', '010-9012-0009', '문지윤', '지윤이얌', '2012-02-07', 'F', '2024-05-06'),
(30, 'kim.dongmin@student.kr', '010-0123-0010', '김동민', '동민코딩맨', '2012-10-19', 'M', '2024-05-01'),
(31, 'ahn.sujin@student.kr', '010-1122-0011', '안수진', '수진영어', '2013-03-04', 'F', '2024-05-07'),
(32, 'park.sunwoo@student.kr', '010-2233-0012', '박선우', '선우책읽기', '2013-12-26', 'M', '2024-05-03'),
(33, 'kim.hyunji@student.kr', '010-3344-0013', '김현지', '현지수학왕', '2006-05-08', 'F', '2024-05-09'),
(34, 'lee.seunghoon@student.kr', '010-4455-0014', '이승훈', '승훈공부중', '2006-09-16', 'M', '2024-05-02'),
(35, 'shin.minji@student.kr', '010-5566-0015', '신민지', '민지열공', '2007-03-21', 'F', '2024-05-04'),
(36, 'kang.minjae@student.kr', '010-6677-0016', '강민재', '민재영어', '2007-11-30', 'M', '2024-05-06'),
(37, 'hong.seoyeon@student.kr', '010-7788-0017', '홍서연', '서연과학자', '2008-04-23', 'F', '2024-05-08'),
(38, 'lim.jaemin@student.kr', '010-8899-0018', '임재민', '재민수학왕', '2008-10-11', 'M', '2024-05-10'),
(39, 'park.sohee@student.kr', '010-9900-0019', '박소희', '소희영어왕', '2009-05-25', 'F', '2024-05-01'),
(40, 'choi.yoonho@student.kr', '010-0011-0020', '최윤호', '윤호코딩', '2009-12-08', 'M', '2024-05-05'),
(41, 'na.jiyoung@student.kr', '010-1234-0021', '나지영', '지영스마트', '2010-03-14', 'F', '2024-05-03'),
(42, 'kim.taeho@student.kr', '010-2345-0022', '김태호', '태호공부방', '2010-07-27', 'M', '2024-05-07'),
(43, 'jeong.eunbi@student.kr', '010-3456-0023', '정은비', '은비열공중', '2011-02-09', 'F', '2024-05-04'),
(44, 'lee.junhyeok@student.kr', '010-4567-0024', '이준혁', '준혁영재', '2011-06-18', 'M', '2024-05-09'),
(45, 'oh.yerim@student.kr', '010-5678-0025', '오예림', '예림수학', '2012-04-01', 'F', '2024-05-02'),
(46, 'han.jisung@student.kr', '010-6789-0026', '한지성', '지성이얌', '2012-08-30', 'M', '2024-05-08'),
(47, 'baek.sohyun@student.kr', '010-7890-0027', '백소현', '소현영어', '2013-01-12', 'F', '2024-05-06'),
(48, 'seo.minjun@student.kr', '010-8901-0028', '서민준', '민준의하루', '2013-05-07', 'M', '2024-05-01'),
(49, 'kim.jieun@student.kr', '010-9012-0029', '김지은', '지은공부중', '2006-06-29', 'F', '2024-05-05'),
(50, 'park.hyungsoo@student.kr', '010-0123-0030', '박형수', '형수수학자', '2006-10-14', 'M', '2024-05-03'),
(51, 'choi.dayoung@student.kr', '010-1122-0031', '최다영', '다영열공', '2007-04-26', 'F', '2024-05-07'),
(52, 'kim.jiwon@student.kr', '010-2233-0032', '김지원', '지원영어왕', '2007-08-13', 'M', '2024-05-09'),
(53, 'lee.yoonji@student.kr', '010-3344-0033', '이윤지', '윤지공주', '2008-01-04', 'F', '2024-05-02'),
(54, 'song.hyunjin@student.kr', '010-4455-0034', '송현진', '현진스마트', '2008-05-19', 'M', '2024-05-06'),
(55, 'jung.soyoon@student.kr', '010-5566-0035', '정소윤', '소윤공부중', '2009-07-03', 'F', '2024-05-04'),
(56, 'hwang.jinho@student.kr', '010-6677-0036', '황진호', '진호과학자', '2009-11-22', 'M', '2024-05-08'),
(57, 'kim.subin@student.kr', '010-7788-0037', '김수빈', '수빈의꿈', '2010-02-16', 'F', '2024-05-01'),
(58, 'yoon.dongwoo@student.kr', '010-8899-0038', '윤동우', '동우코딩', '2010-09-30', 'M', '2024-05-05'),
(59, 'jang.hyejin@student.kr', '010-9900-0039', '장혜진', '혜진공부방', '2011-01-13', 'F', '2024-05-03'),
(60, 'park.jiwoo@student.kr', '010-0011-0040', '박지우', '지우수학왕', '2011-07-24', 'M', '2024-05-10'),
(61, 'shin.heejin@student.kr', '010-1234-0041', '신희진', '희진열공', '2012-03-08', 'F', '2024-05-07'),
(62, 'lee.minseok@student.kr', '010-2345-0042', '이민석', '민석영어', '2012-11-15', 'M', '2024-05-02'),
(63, 'kang.yoonju@student.kr', '010-3456-0043', '강윤주', '윤주공부중', '2013-04-18', 'F', '2024-05-09'),
(64, 'kim.jihoon@student.kr', '010-4567-0044', '김지훈', '지훈코딩맨', '2013-08-23', 'M', '2024-05-04'),
(65, 'han.chaewon@student.kr', '010-5678-0045', '한채원', '채원이얌', '2006-02-11', 'F', '2024-05-06'),
(66, 'jin.minhyuk@student.kr', '010-6789-0046', '진민혁', '민혁수학왕', '2006-12-19', 'M', '2024-05-08'),
(67, 'park.jimin@student.kr', '010-7890-0047', '박지민', '지민공주', '2007-06-27', 'F', '2024-05-01'),
(68, 'choi.jaeyong@student.kr', '010-8901-0048', '최재용', '재용스터디', '2007-09-08', 'M', '2024-05-03'),
(69, 'kim.seohyun@student.kr', '010-9012-0049', '김서현', '서현열공중', '2008-02-22', 'F', '2024-05-05'),
(70, 'lee.jungmin@student.kr', '010-0123-0050', '이정민', '정민영어왕', '2008-08-04', 'M', '2024-05-07'),
(71, 'ko.jieun@student.kr', '010-1122-0051', '고지은', '지은책벌레', '2009-01-17', 'F', '2024-05-09'),
(72, 'park.sungjae@student.kr', '010-2233-0052', '박성재', '성재코딩', '2009-06-20', 'M', '2024-05-02'),
(73, 'shin.yeeun@student.kr', '010-3344-0053', '신예은', '예은공부방', '2010-05-02', 'F', '2024-05-04'),
(74, 'kim.wonjun@student.kr', '010-4455-0054', '김원준', '원준수학왕', '2010-12-11', 'M', '2024-05-06'),
(75, 'jeong.daeun@student.kr', '010-5566-0055', '정다은', '다은의하루', '2011-05-27', 'F', '2024-05-08'),
(76, 'lee.sungwon@student.kr', '010-6677-0056', '이성원', '성원공부중', '2011-09-16', 'M', '2024-05-10'),
(77, 'moon.jiyoung@student.kr', '010-7788-0057', '문지영', '지영영어', '2012-05-13', 'F', '2024-05-01'),
(78, 'kang.joonho@student.kr', '010-8899-0058', '강준호', '준호과학자', '2012-09-27', 'M', '2024-05-05'),
(79, 'kim.yoonah@student.kr', '010-9900-0059', '김윤아', '윤아공주', '2013-02-14', 'F', '2024-05-03'),
(80, 'park.jiho@student.kr', '010-0011-0060', '박지호', '지호코딩맨', '2013-11-03', 'M', '2024-05-07'),
(81, 'yoon.soeun@student.kr', '010-1234-0061', '윤소은', '소은스마트', '2006-03-27', 'F', '2024-05-04'),
(82, 'kim.jaehoon@student.kr', '010-2345-0062', '김재훈', '재훈열공', '2006-11-08', 'M', '2024-05-09'),
(83, 'jo.minji@student.kr', '010-3456-0063', '조민지', '민지공부중', '2007-07-10', 'F', '2024-05-02'),
(84, 'lee.minho@student.kr', '010-4567-0064', '이민호', '민호영어왕', '2007-12-31', 'M', '2024-05-06'),
(85, 'choi.jiyeon@student.kr', '010-5678-0065', '최지연', '지연스터디', '2008-03-19', 'F', '2024-05-08'),
(86, 'song.joonhyuk@student.kr', '010-6789-0066', '송준혁', '준혁수학자', '2008-07-26', 'M', '2024-05-01'),
(87, 'hong.dayeon@student.kr', '010-7890-0067', '홍다연', '다연공부방', '2009-02-09', 'F', '2024-05-05'),
(88, 'park.minjun@student.kr', '010-8901-0068', '박민준', '민준코딩', '2009-10-14', 'M', '2024-05-03'),
(89, 'jang.haeun@student.kr', '010-9012-0069', '장하은', '하은열공중', '2010-04-21', 'F', '2024-05-07'),
(90, 'kim.sungho@student.kr', '010-0123-0070', '김성호', '성호과학자', '2010-10-03', 'M', '2024-05-09'),
(91, 'lee.soomin@student.kr', '010-1122-0071', '이수민', '수민이얌', '2011-03-28', 'F', '2024-05-02'),
(92, 'han.jinwoo@student.kr', '010-2233-0072', '한진우', '진우영어왕', '2011-11-19', 'M', '2024-05-04'),
(93, 'jung.eunseo@student.kr', '010-3344-0073', '정은서', '은서공부방', '2012-02-26', 'F', '2024-05-06'),
(94, 'shin.jaemin@student.kr', '010-4455-0074', '신재민', '재민코딩맨', '2012-06-12', 'M', '2024-05-08'),
(95, 'kim.yejin@student.kr', '010-5566-0075', '김예진', '예진스마트', '2013-07-01', 'F', '2024-05-10'),
(96, 'park.donghyun@student.kr', '010-6677-0076', '박동현', '동현수학왕', '2013-10-28', 'M', '2024-05-01'),
(97, 'choi.jihye@student.kr', '010-7788-0077', '최지혜', '지혜공부중', '2006-06-03', 'F', '2024-05-03'),
(98, 'kim.yoonwoo@student.kr', '010-8899-0078', '김윤우', '윤우과학자', '2006-12-25', 'M', '2024-05-05'),
(99, 'lee.hyunjin@student.kr', '010-9900-0079', '이현진', '현진열공', '2007-05-14', 'F', '2024-05-07'),
(100, 'jung.minsu@student.kr', '010-0011-0080', '정민수', '민수코딩맨', '2007-11-06', 'M', '2024-05-09');

-- Insert into user_refresh_token table
INSERT INTO `user_refresh_token` (`user_no`, `refresh_token`, `issued_at`, `expires_at`, `revoked`) VALUES
(1, 'refresh_token_example_string_for_user1_blahblah_very_long', '2025-05-12 14:00:00', '2025-06-11 14:00:00', FALSE),
(2, 'refresh_token_example_string_for_user2_another_long_one', '2025-05-12 14:05:00', '2025-06-11 14:05:00', FALSE),
(3, 'refresh_token_example_string_for_user3_yet_another_token', '2025-05-12 14:10:00', '2025-06-11 14:10:00', FALSE),
(4, 'refresh_token_example_string_for_user4_unique_value_here', '2025-05-12 14:15:00', '2025-06-11 14:15:00', FALSE),
(5, 'refresh_token_example_string_for_user5_secure_and_random', '2025-05-12 14:20:00', '2025-06-11 14:20:00', FALSE);
(6, 'refresh_token_example_string_for_user6_another_unique', '2025-05-12 14:25:00', '2025-06-11 14:25:00', FALSE),
(7, 'refresh_token_example_string_for_user7_different_value', '2025-05-12 14:30:00', '2025-06-11 14:30:00', FALSE),
(8, 'refresh_token_example_string_for_user8_another_random', '2025-05-12 14:35:00', '2025-06-11 14:35:00', FALSE),
(9, 'refresh_token_example_string_for_user9_unique_value', '2025-05-12 14:40:00', '2025-06-11 14:40:00', FALSE),
(10, 'refresh_token_example_string_for_user10_another_secure', '2025-05-12 14:45:00', '2025-06-11 14:45:00', FALSE);
(11, 'refresh_token_example_string_for_user11_unique_value', '2025-05-12 14:50:00', '2025-06-11 14:50:00', FALSE),
(12, 'refresh_token_example_string_for_user12_another_secure', '2025-05-12 14:55:00', '2025-06-11 14:55:00', FALSE),
(13, 'refresh_token_example_string_for_user13_unique_value', '2025-05-12 15:00:00', '2025-06-11 15:00:00', FALSE),
(14, 'refresh_token_example_string_for_user14_another_secure', '2025-05-12 15:05:00', '2025-06-11 15:05:00', FALSE),
(15, 'refresh_token_example_string_for_user15_unique_value', '2025-05-12 15:10:00', '2025-06-11 15:10:00', FALSE);
(16, 'refresh_token_example_string_for_user16_another_secure', '2025-05-12 15:15:00', '2025-06-11 15:15:00', FALSE),
(17, 'refresh_token_example_string_for_user17_unique_value', '2025-05-12 15:20:00', '2025-06-11 15:20:00', FALSE),
(18, 'refresh_token_example_string_for_user18_another_secure', '2025-05-12 15:25:00', '2025-06-11 15:25:00', FALSE),
(19, 'refresh_token_example_string_for_user19_unique_value', '2025-05-12 15:30:00', '2025-06-11 15:30:00', FALSE),
(20, 'refresh_token_example_string_for_user20_another_secure', '2025-05-12 15:35:00', '2025-06-11 15:35:00', FALSE);
(21, 'refresh_token_example_string_for_user21_unique_value', '2025-05-12 15:40:00', '2025-06-11 15:40:00', FALSE),
(22, 'refresh_token_example_string_for_user22_another_secure', '2025-05-12 15:45:00', '2025-06-11 15:45:00', FALSE),
(23, 'refresh_token_example_string_for_user23_unique_value', '2025-05-12 15:50:00', '2025-06-11 15:50:00', FALSE),
(24, 'refresh_token_example_string_for_user24_another_secure', '2025-05-12 15:55:00', '2025-06-11 15:55:00', FALSE),
(25, 'refresh_token_example_string_for_user25_unique_value', '2025-05-12 16:00:00', '2025-06-11 16:00:00', FALSE);
(26, 'refresh_token_example_string_for_user26_another_secure', '2025-05-12 16:05:00', '2025-06-11 16:05:00', FALSE),
(27, 'refresh_token_example_string_for_user27_unique_value', '2025-05-12 16:10:00', '2025-06-11 16:10:00', FALSE),
(28, 'refresh_token_example_string_for_user28_another_secure', '2025-05-12 16:15:00', '2025-06-11 16:15:00', FALSE),
(29, 'refresh_token_example_string_for_user29_unique_value', '2025-05-12 16:20:00', '2025-06-11 16:20:00', FALSE),
(30, 'refresh_token_example_string_for_user30_another_secure', '2025-05-12 16:25:00', '2025-06-11 16:25:00', FALSE);
(31, 'refresh_token_example_string_for_user31_unique_value', '2025-05-12 16:30:00', '2025-06-11 16:30:00', FALSE),
(32, 'refresh_token_example_string_for_user32_another_secure', '2025-05-12 16:35:00', '2025-06-11 16:35:00', FALSE),
(33, 'refresh_token_example_string_for_user33_unique_value', '2025-05-12 16:40:00', '2025-06-11 16:40:00', FALSE),
(34, 'refresh_token_example_string_for_user34_another_secure', '2025-05-12 16:45:00', '2025-06-11 16:45:00', FALSE),
(35, 'refresh_token_example_string_for_user35_unique_value', '2025-05-12 16:50:00', '2025-06-11 16:50:00', FALSE);
(36, 'refresh_token_example_string_for_user36_another_secure', '2025-05-12 16:55:00', '2025-06-11 16:55:00', FALSE),
(37, 'refresh_token_example_string_for_user37_unique_value', '2025-05-12 17:00:00', '2025-06-11 17:00:00', FALSE),
(38, 'refresh_token_example_string_for_user38_another_secure', '2025-05-12 17:05:00', '2025-06-11 17:05:00', FALSE),
(39, 'refresh_token_example_string_for_user39_unique_value', '2025-05-12 17:10:00', '2025-06-11 17:10:00', FALSE),
(40, 'refresh_token_example_string_for_user40_another_secure', '2025-05-12 17:15:00', '2025-06-11 17:15:00', FALSE);
(41, 'refresh_token_example_string_for_user41_unique_value', '2025-05-12 17:20:00', '2025-06-11 17:20:00', FALSE),
(42, 'refresh_token_example_string_for_user42_another_secure', '2025-05-12 17:25:00', '2025-06-11 17:25:00', FALSE),
(43, 'refresh_token_example_string_for_user43_unique_value', '2025-05-12 17:30:00', '2025-06-11 17:30:00', FALSE),
(44, 'refresh_token_example_string_for_user44_another_secure', '2025-05-12 17:35:00', '2025-06-11 17:35:00', FALSE),
(45, 'refresh_token_example_string_for_user45_unique_value', '2025-05-12 17:40:00', '2025-06-11 17:40:00', FALSE);
(46, 'refresh_token_example_string_for_user46_another_secure', '2025-05-12 17:45:00', '2025-06-11 17:45:00', FALSE),
(47, 'refresh_token_example_string_for_user47_unique_value', '2025-05-12 17:50:00', '2025-06-11 17:50:00', FALSE),
(48, 'refresh_token_example_string_for_user48_another_secure', '2025-05-12 17:55:00', '2025-06-11 17:55:00', FALSE),
(49, 'refresh_token_example_string_for_user49_unique_value', '2025-05-12 18:00:00', '2025-06-11 18:00:00', FALSE),
(50, 'refresh_token_example_string_for_user50_another_secure', '2025-05-12 18:05:00', '2025-06-11 18:05:00', FALSE);
(51, 'refresh_token_example_string_for_user51_unique_value', '2025-05-12 18:10:00', '2025-06-11 18:10:00', FALSE),
(52, 'refresh_token_example_string_for_user52_another_secure', '2025-05-12 18:15:00', '2025-06-11 18:15:00', FALSE),
(53, 'refresh_token_example_string_for_user53_unique_value', '2025-05-12 18:20:00', '2025-06-11 18:20:00', FALSE),
(54, 'refresh_token_example_string_for_user54_another_secure', '2025-05-12 18:25:00', '2025-06-11 18:25:00', FALSE),
(55, 'refresh_token_example_string_for_user55_unique_value', '2025-05-12 18:30:00', '2025-06-11 18:30:00', FALSE);
(56, 'refresh_token_example_string_for_user56_another_secure', '2025-05-12 18:35:00', '2025-06-11 18:35:00', FALSE),
(57, 'refresh_token_example_string_for_user57_unique_value', '2025-05-12 18:40:00', '2025-06-11 18:40:00', FALSE),
(58, 'refresh_token_example_string_for_user58_another_secure', '2025-05-12 18:45:00', '2025-06-11 18:45:00', FALSE),
(59, 'refresh_token_example_string_for_user59_unique_value', '2025-05-12 18:50:00', '2025-06-11 18:50:00', FALSE),
(60, 'refresh_token_example_string_for_user60_another_secure', '2025-05-12 18:55:00', '2025-06-11 18:55:00', FALSE);
(61, 'refresh_token_example_string_for_user61_unique_value', '2025-05-12 19:00:00', '2025-06-11 19:00:00', FALSE),
(62, 'refresh_token_example_string_for_user62_another_secure', '2025-05-12 19:05:00', '2025-06-11 19:05:00', FALSE),
(63, 'refresh_token_example_string_for_user63_unique_value', '2025-05-12 19:10:00', '2025-06-11 19:10:00', FALSE),
(64, 'refresh_token_example_string_for_user64_another_secure', '2025-05-12 19:15:00', '2025-06-11 19:15:00', FALSE),
(65, 'refresh_token_example_string_for_user65_unique_value', '2025-05-12 19:20:00', '2025-06-11 19:20:00', FALSE);
(66, 'refresh_token_example_string_for_user66_another_secure', '2025-05-12 19:25:00', '2025-06-11 19:25:00', FALSE),
(67, 'refresh_token_example_string_for_user67_unique_value', '2025-05-12 19:30:00', '2025-06-11 19:30:00', FALSE),
(68, 'refresh_token_example_string_for_user68_another_secure', '2025-05-12 19:35:00', '2025-06-11 19:35:00', FALSE),
(69, 'refresh_token_example_string_for_user69_unique_value', '2025-05-12 19:40:00', '2025-06-11 19:40:00', FALSE),
(70, 'refresh_token_example_string_for_user70_another_secure', '2025-05-12 19:45:00', '2025-06-11 19:45:00', FALSE);
(71, 'refresh_token_example_string_for_user71_unique_value', '2025-05-12 19:50:00', '2025-06-11 19:50:00', FALSE),
(72, 'refresh_token_example_string_for_user72_another_secure', '2025-05-12 19:55:00', '2025-06-11 19:55:00', FALSE),
(73, 'refresh_token_example_string_for_user73_unique_value', '2025-05-12 20:00:00', '2025-06-11 20:00:00', FALSE),
(74, 'refresh_token_example_string_for_user74_another_secure', '2025-05-12 20:05:00', '2025-06-11 20:05:00', FALSE),
(75, 'refresh_token_example_string_for_user75_unique_value', '2025-05-12 20:10:00', '2025-06-11 20:10:00', FALSE);
(76, 'refresh_token_example_string_for_user76_another_secure', '2025-05-12 20:15:00', '2025-06-11 20:15:00', FALSE),
(77, 'refresh_token_example_string_for_user77_unique_value', '2025-05-12 20:20:00', '2025-06-11 20:20:00', FALSE),
(78, 'refresh_token_example_string_for_user78_another_secure', '2025-05-12 20:25:00', '2025-06-11 20:25:00', FALSE),
(79, 'refresh_token_example_string_for_user79_unique_value', '2025-05-12 20:30:00', '2025-06-11 20:30:00', FALSE),
(80, 'refresh_token_example_string_for_user80_another_secure', '2025-05-12 20:35:00', '2025-06-11 20:35:00', FALSE);
(81, 'refresh_token_example_string_for_user81_unique_value', '2025-05-12 20:40:00', '2025-06-11 20:40:00', FALSE),
(82, 'refresh_token_example_string_for_user82_another_secure', '2025-05-12 20:45:00', '2025-06-11 20:45:00', FALSE),
(83, 'refresh_token_example_string_for_user83_unique_value', '2025-05-12 20:50:00', '2025-06-11 20:50:00', FALSE),
(84, 'refresh_token_example_string_for_user84_another_secure', '2025-05-12 20:55:00', '2025-06-11 20:55:00', FALSE),
(85, 'refresh_token_example_string_for_user85_unique_value', '2025-05-12 21:00:00', '2025-06-11 21:00:00', FALSE);
(86, 'refresh_token_example_string_for_user86_another_secure', '2025-05-12 21:05:00', '2025-06-11 21:05:00', FALSE),
(87, 'refresh_token_example_string_for_user87_unique_value', '2025-05-12 21:10:00', '2025-06-11 21:10:00', FALSE),
(88, 'refresh_token_example_string_for_user88_another_secure', '2025-05-12 21:15:00', '2025-06-11 21:15:00', FALSE),
(89, 'refresh_token_example_string_for_user89_unique_value', '2025-05-12 21:20:00', '2025-06-11 21:20:00', FALSE),
(90, 'refresh_token_example_string_for_user90_another_secure', '2025-05-12 21:25:00', '2025-06-11 21:25:00', FALSE);
(91, 'refresh_token_example_string_for_user91_unique_value', '2025-05-12 21:30:00', '2025-06-11 21:30:00', FALSE),
(92, 'refresh_token_example_string_for_user92_another_secure', '2025-05-12 21:35:00', '2025-06-11 21:35:00', FALSE),
(93, 'refresh_token_example_string_for_user93_unique_value', '2025-05-12 21:40:00', '2025-06-11 21:40:00', FALSE),
(94, 'refresh_token_example_string_for_user94_another_secure', '2025-05-12 21:45:00', '2025-06-11 21:45:00', FALSE),
(95, 'refresh_token_example_string_for_user95_unique_value', '2025-05-12 21:50:00', '2025-06-11 21:50:00', FALSE),
(96, 'refresh_token_example_string_for_user96_another_secure', '2025-05-12 21:55:00', '2025-06-11 21:55:00', FALSE),
(97, 'refresh_token_example_string_for_user97_unique_value', '2025-05-12 22:00:00', '2025-06-11 22:00:00', FALSE),
(98, 'refresh_token_example_string_for_user98_another_secure', '2025-05-12 22:05:00', '2025-06-11 22:05:00', FALSE),
(99, 'refresh_token_example_string_for_user99_unique_value', '2025-05-12 22:10:00', '2025-06-11 22:10:00', FALSE),
(100, 'refresh_token_example_string_for_user100_another_secure', '2025-05-12 22:15:00', '2025-06-11 22:15:00', FALSE);

